Library;site;year;biotope;species;agency;number_mosquito;month;sample_rep;Country
L46;R;2019;Rural;Anopheles_gambiae;X;30;X;Gam_19_R;Burkina_Faso
L47;R;2020;Rural;Anopheles_gambiae;X;60;X;Gam_20_R_1;Burkina_Faso
L48;R;2020;Rural;Anopheles_gambiae;X;59;X;Gam_20_R_2;Burkina_Faso
L49;R;2020;Rural;Anopheles_gambiae;X;67;X;Gam_20_R_3;Burkina_Faso
L50;R;2021;Rural;Anopheles_gambiae;X;62;X;Gam_21_R;Burkina_Faso
L51;U;2020;Urban;Anopheles_gambiae;X;43;X;Gam_20_U_1;Burkina_Faso
L52;U;2020;Urban;Anopheles_gambiae;X;38;X;Gam_20_U_2;Burkina_Faso
1;U1;2021;Urban;Cx_quin;X;60;X;Quinque_21_U1_1;Burkina_Faso
2;U1;2021;Urban;Cx_quin;X;60;X;Quinque_21_U1_2;Burkina_Faso
3;U1;2021;Urban;Cx_quin;X;22;X;Quinque_21_U1_3;Burkina_Faso
4;U2;2021;Urban;Cx_quin;X;60;X;Quinque_21_U2_1;Burkina_Faso
5;U2;2021;Urban;Cx_quin;X;52;X;Quinque_21_U2_2;Burkina_Faso
6;U3;2021;Urban;Cx_quin;X;60;X;Quinque_21_U3_1;Burkina_Faso
7;U3;2021;Urban;Cx_quin;X;60;X;Quinque_21_U3_2;Burkina_Faso
8;U3;2021;Urban;Cx_quin;X;66;X;Quinque_21_U3_3;Burkina_Faso
9;U1;2020;Urban;Cx_quin;X;90;X;Quinque_20_U1_1;Burkina_Faso
10;U1;2020;Urban;Cx_quin;X;60;X;Quinque_20_U1_2;Burkina_Faso
11;U1;2020;Urban;Cx_quin;X;90;X;Quinque_20_U1_3;Burkina_Faso
12;U1;2020;Urban;Cx_quin;X;60;X;Quinque_20_U1_4;Burkina_Faso
13;U1;2020;Urban;Cx_quin;X;97;X;Quinque_20_U1_5;Burkina_Faso
14;U2;2020;Urban;Cx_quin;X;31;X;Quinque_20_U2_1;Burkina_Faso
15;U2;2020;Urban;Cx_quin;X;52;X;Quinque_20_U2_2;Burkina_Faso
16;U3;2020;Urban;Cx_quin;X;30;X;Quinque_20_U3_1;Burkina_Faso
17;U3;2020;Urban;Cx_quin;X;18;X;Quinque_20_U3_2;Burkina_Faso
18;U1;2019;Urban;Cx_quin;X;30;X;Quinque_19_U1_1;Burkina_Faso
19;U1;2019;Urban;Cx_quin;X;47;X;Quinque_19_U1_2;Burkina_Faso
20;R2;2021;Rural;Cx_quin;X;30;X;Quinque_21_R2_1;Burkina_Faso
21;R2;2021;Rural;Cx_quin;X;47;X;Quinque_21_R2_2;Burkina_Faso
22;R1;2021;Rural;Cx_quin;X;30;X;Quinque_21_R1_1;Burkina_Faso
23;R1;2021;Rural;Cx_quin;X;60;X;Quinque_21_R1_2;Burkina_Faso
24;R1;2021;Rural;Cx_quin;X;46;X;Quinque_21_R1_3;Burkina_Faso
25;R3;2021;Rural;Cx_quin;X;30;X;Quinque_21_R3_1;Burkina_Faso
27;R1;2020;Rural;Cx_quin;X;60;X;Quinque_20_R1_1;Burkina_Faso
28;R1;2020;Rural;Cx_quin;X;60;X;Quinque_20_R1_2;Burkina_Faso
29;R1;2020;Rural;Cx_quin;X;52;X;Quinque_20_R1_3;Burkina_Faso
30;R2;2020;Rural;Cx_quin;X;30;X;Quinque_20_R2_1;Burkina_Faso
31;R2;2020;Rural;Cx_quin;X;51;X;Quinque_20_R2_2;Burkina_Faso
32;R3;2020;Rural;Cx_quin;X;31;X;Quinque_20_R3_1;Burkina_Faso
33;R3;2020;Rural;Cx_quin;X;13;X;Quinque_20_R3_2;Burkina_Faso
34;R1;2019;Rural;Cx_quin;X;17;X;Quinque_19_R1_1;Burkina_Faso
38;U1;2021;Urban;Ae_ae;X;60;X;Aegypti_21_U1_1;Burkina_Faso
39;U1;2021;Urban;Ae_ae;X;72;X;Aegypti_21_U1_2;Burkina_Faso
40;U2;2021;Urban;Ae_ae;X;32;X;Aegypti_21_U2_1;Burkina_Faso
41;U2;2021;Urban;Ae_ae;X;31;X;Aegypti_21_U2_2;Burkina_Faso
42;U2;2021;Urban;Ae_ae;X;31;X;Aegypti_21_U2_3;Burkina_Faso
43;U3;2021;Urban;Ae_ae;X;30;X;Aegypti_21_U3_1;Burkina_Faso
44;U3;2021;Urban;Ae_ae;X;26;X;Aegypti_21_U3_2;Burkina_Faso
45;U1;2020;Urban;Ae_ae;X;60;X;Aegypti_20_U1_1;Burkina_Faso
46;U1;2020;Urban;Ae_ae;X;60;X;Aegypti_20_U1_2;Burkina_Faso
47;U1;2020;Urban;Ae_ae;X;60;X;Aegypti_20_U1_3;Burkina_Faso
48;U1;2020;Urban;Ae_ae;X;60;X;Aegypti_20_U1_4;Burkina_Faso
49;U1;2020;Urban;Ae_ae;X;60;X;Aegypti_20_U1_5;Burkina_Faso
50;U1;2020;Urban;Ae_ae;X;60;X;Aegypti_20_U1_6;Burkina_Faso
51;U1;2020;Urban;Ae_ae;X;60;X;Aegypti_20_U1_7;Burkina_Faso
52;U2;2020;Urban;Ae_ae;X;60;X;Aegypti_20_U2_1;Burkina_Faso
53;U2;2020;Urban;Ae_ae;X;60;X;Aegypti_20_U2_2;Burkina_Faso
54;U2;2020;Urban;Ae_ae;X;64;X;Aegypti_20_U2_3;Burkina_Faso
55;U3;2020;Urban;Ae_ae;X;60;X;Aegypti_20_U3_1;Burkina_Faso
56;U3;2020;Urban;Ae_ae;X;61;X;Aegypti_20_U3_2;Burkina_Faso
57;U1;2019;Urban;Ae_ae;X;30;X;Aegypti_19_U1_1;Burkina_Faso
58;U1;2019;Urban;Ae_ae;X;27;X;Aegypti_19_U1_2;Burkina_Faso
59;R2;2021;Rural;Ae_ae;X;12;X;Aegypti_21_R2_1;Burkina_Faso
60;R1;2021;Rural;Ae_ae;X;25;X;Aegypti_21_R1_1;Burkina_Faso
61;R3;2021;Rural;Ae_ae;X;27;X;Aegypti_21_R3_1;Burkina_Faso
62;R1;2020;Rural;Ae_ae;X;30;X;Aegypti_20_R1_1;Burkina_Faso
63;R1;2020;Rural;Ae_ae;X;21;X;Aegypti_20_R1_2;Burkina_Faso
64;R2;2020;Rural;Ae_ae;X;35;X;Aegypti_20_R2_1;Burkina_Faso
65;R3;2020;Rural;Ae_ae;X;30;X;Aegypti_20_R3_1;Burkina_Faso
66;R3;2020;Rural;Ae_ae;X;22;X;Aegypti_20_R3_2;Burkina_Faso
68;R1;2019;Rural;Ae_ae;X;30;X;Aegypti_19_R1_2;Burkina_Faso
69;R1;2019;Rural;Ae_ae;X;30;X;Aegypti_19_R1_3;Burkina_Faso
L1;PS;2019;Rural;Anopheles_hyrcanus;MontCalm;90;X;Hyr_19_PS_R_1;France
L2;PS;2019;Rural;Anopheles_hyrcanus;MontCalm;60;X;Hyr_19_PS_R_2;France
L3;PS;2019;Rural;Anopheles_hyrcanus;MontCalm;60;X;Hyr_19_PS_R_3;France
L4;CE;2019;Urban;Anopheles_hyrcanus;Arles;60;X;Hyr_19_CE_U_1;France
L5;CE;2019;Urban;Anopheles_hyrcanus;Arles;60;X;Hyr_19_CE_U_2;France
L6;CE;2019;Urban;Anopheles_hyrcanus;Arles;81;X;Hyr_19_CE_U_3;France
L7;Eysselle;2019;Rural;Anopheles_hyrcanus;Arles;93;X;Hyr_19_Eyselle_R_1;France
L8;Eysselle;2019;Rural;Anopheles_hyrcanus;Arles;62;X;Hyr_19_Eyselle_R_2;France
L9;Eysselle;2019;Rural;Anopheles_hyrcanus;Arles;62;X;Hyr_19_Eyselle_R_3;France
L10;Belugue;2019;Rural;Anopheles_hyrcanus;Arles;90;X;Hyr_19_Belugue_R_1;France
L11;Belugue;2019;Rural;Anopheles_hyrcanus;Arles;60;X;Hyr_19_Belugue_R_2;France
L12;Belugue;2019;Rural;Anopheles_hyrcanus;Arles;60;X;Hyr_19_Belugue_R_3;France
L13;BE ;2019;Rural;Anopheles_hyrcanus;MontCalm;63;X;Hyr_19_BE_R;France
L14;Beaucaire;2019;Rural;Anopheles_hyrcanus;MontCalm;14;X;Hyr_19_Beaucaire_R;France
L15;BF;2019;Urban;Anopheles_hyrcanus;Arles;90;X;Hyr_19_BF_U_1;France
L16;BF;2019;Urban;Anopheles_hyrcanus;Arles;60;X;Hyr_19_BF_U_2;France
L17;BF;2019;Urban;Anopheles_hyrcanus;Arles;60;X;Hyr_19_BF_U_3;France
L18;Jardins;2019;Urban;Anopheles_hyrcanus;Arles;32;X;Hyr_19_Jardins_U;France
L19;Beaucaire;2020;Rural;Anopheles_hyrcanus;MontCalm;34;X;Hyr_20 _Beaucaire_R;France
L20;Belugue;2020;Rural;Anopheles_hyrcanus;Arles;30;X;Hyr_20 _Belugue_R_1;France
L21;Belugue;2020;Rural;Anopheles_hyrcanus;Arles;55;X;Hyr_20 _Belugue_R_2;France
L22;CE;2020;Urban;Anopheles_hyrcanus;Arles;60;X;Hyr_20_CE_R_1;France
L23;CE;2020;Urban;Anopheles_hyrcanus;Arles;60;X;Hyr_20_CE_R_2;France
L24;SG;2020;Urban;Anopheles_hyrcanus;MontCalm;40;X;Hyr_20_SG_R;France
L25;PS;2020;Rural;Anopheles_hyrcanus;MontCalm;60;X;Hyr_20_PS_R_1;France
L26;PS;2020;Rural;Anopheles_hyrcanus;MontCalm;52;X;Hyr_20_PS_R_2;France
L27;Eysselle;2020;Rural;Anopheles_hyrcanus;Arles;90;X;Hyr_20_Eyselle_R_1;France
L28;Eysselle;2020;Rural;Anopheles_hyrcanus;Arles;64;X;Hyr_20_Eyselle_R_2;France
L29;Eysselle;2020;Rural;Anopheles_hyrcanus;Arles;68;X;Hyr_20_Eyselle_R_3;France
L30;PS;2021;Rural;Anopheles_hyrcanus;MontCalm;60;X;Hyr_21_PS_R_1;France
L31;PS;2021;Rural;Anopheles_hyrcanus;MontCalm;60;X;Hyr_21_PS_R_2;France
L32;PS;2021;Rural;Anopheles_hyrcanus;MontCalm;80;X;Hyr_21_PS_R_3;France
L33;SG;2021;Rural;Anopheles_hyrcanus;MontCalm;60;X;Hyr_21_SG_R_1;France
L34;SG;2021;Rural;Anopheles_hyrcanus;MontCalm;54;X;Hyr_21_SG_R_2;France
L35;BE ;2021;Rural;Anopheles_hyrcanus;MontCalm;60;X;Hyr_21_BE_R_1;France
L36;BE ;2021;Rural;Anopheles_hyrcanus;MontCalm;60;X;Hyr_21_BE_R_2;France
L37;BE ;2021;Rural;Anopheles_hyrcanus;MontCalm;56;X;Hyr_21_BE_R_3;France
L38;Belugue;2021;Rural;Anopheles_hyrcanus;Arles;56;X;Hyr_21_Belugue_R;France
L39;Eysselle;2021;Rural;Anopheles_hyrcanus;Arles;90;X;Hyr_21_Eysselle_R_1;France
L40;Eysselle;2021;Rural;Anopheles_hyrcanus;Arles;60;X;Hyr_21_Eysselle_R_2;France
L41;Eysselle;2021;Rural;Anopheles_hyrcanus;Arles;60;X;Hyr_21_Eysselle_R_3;France
L42;CE;2021;Urban;Anopheles_hyrcanus;Arles;30;X;Hyr_21_CE_U_1;France
L43;CE;2021;Urban;Anopheles_hyrcanus;Arles;52;X;Hyr_21_CE_U_2;France
L44;Beaucaire;2021;Rural;Anopheles_hyrcanus;MontCalm;42;X;Hyr_21_Beaucaire_R;France
L45;BF;2021;Urban;Anopheles_hyrcanus;Arles;19;X;Hyr_21_BF_U;France
1;CampE;2019;Rural;Cx_pipiens;Montpellier;60;avril_mai;Pipiens_19_CampE_5_1;France
2;CampE;2019;Rural;Cx_pipiens;Montpellier;60;avril_mai;Pipiens_19_CampE_5_2;France
3;PN;2019;Urban;Cx_pipiens;Arles;60;juillet;Pipiens_19_PN_7_1;France
4;PN;2019;Urban;Cx_pipiens;Arles;60;juillet;Pipiens_19_PN_7_2;France
7;CE;2019;Urban;Cx_pipiens;Arles;90;juin;Pipiens_19_CE_6_1;France
8;CE;2019;Urban;Cx_pipiens;Arles;90;juin;Pipiens_19_CE_6_2;France
9;CE;2019;Urban;Cx_pipiens;Arles;90;juin;Pipiens_19_CE_6_3;France
10;CE;2019;Urban;Cx_pipiens;Arles;90;juillet;Pipiens_19_CE_7;France
11;Jardins;2019;Urban;Cx_pipiens;Arles;90;juin;Pipiens_19_Jardins_6_1;France
12;Jardins;2019;Urban;Cx_pipiens;Arles;90;juin;Pipiens_19_Jardins_6_2;France
13;Jardins;2019;Urban;Cx_pipiens;Arles;90;juin;Pipiens_19_Jardins_6_3;France
14;Jardins;2019;Urban;Cx_pipiens;Arles;90;juillet;Pipiens_19_Jardins_7_1;France
15;Jardins;2019;Urban;Cx_pipiens;Arles;90;juillet;Pipiens_19_Jardins_7_2;France
16;Jardins;2019;Urban;Cx_pipiens;Arles;60;juillet;Pipiens_19_Jardins_7_3;France
17;BF;2019;Urban;Cx_pipiens;Arles;60;juin;Pipiens_19_BF_6_1;France
18;BF;2019;Urban;Cx_pipiens;Arles;60;juin;Pipiens_19_BF_6_2;France
19;BF;2019;Urban;Cx_pipiens;Arles;60;juin;Pipiens_19_BF_6_3;France
20;BF;2019;Urban;Cx_pipiens;Arles;60;juillet;Pipiens_19_BF_7_1;France
21;BF;2019;Urban;Cx_pipiens;Arles;60;juillet;Pipiens_19_BF_7_2;France
22;BF;2019;Urban;Cx_pipiens;Arles;60;juillet;Pipiens_19_BF_7_3;France
23;Belugue;2019;Rural;Cx_pipiens;Arles;90;avril_mai;Pipiens_19_Belugue_5_1;France
24;Belugue;2019;Rural;Cx_pipiens;Arles;90;avril_mai;Pipiens_19_Belugue_5_2;France
25;Belugue;2019;Rural;Cx_pipiens;Arles;90;avril_mai;Pipiens_19_Belugue_5_3;France
26;Belugue;2019;Rural;Cx_pipiens;Arles;90;juin;Pipiens_19_Belugue_6_1;France
27;Belugue;2019;Rural;Cx_pipiens;Arles;90;juin;Pipiens_19_Belugue_6_2;France
28;Belugue;2019;Rural;Cx_pipiens;Arles;90;juin;Pipiens_19_Belugue_6_3;France
29;Eysselle;2019;Rural;Cx_pipiens;Montpellier;60;juin;Pipiens_19_Eysselle_6_1;France
30;Eysselle;2019;Rural;Cx_pipiens;Montpellier;60;juin;Pipiens_19_Eysselle_6_2;France
31;Palissade;2019;Urban;Cx_pipiens;Arles;60;juin;Pipiens_19_Palissade_6_1;France
32;Palissade;2019;Urban;Cx_pipiens;Arles;60;juin;Pipiens_19_Palissade_6_2;France
33;Palissade;2019;Urban;Cx_pipiens;Arles;60;juillet;Pipiens_19_Palissade_7_1;France
34;Palissade;2019;Urban;Cx_pipiens;Arles;60;juillet;Pipiens_19_Palissade_7_2;France
35;Desert;2019;Rural;Cx_pipiens;Montpellier;90;juillet;Pipiens_19_DES_7;France
36;Desert;2019;Rural;Cx_pipiens;Montpellier;90;aout;Pipiens_19_DES_8;France
37;Elysette;2019;Urban;Cx_pipiens;MontCalm;60;avril_mai;Pipiens_19_Elysette_5_1;France
38;Elysette;2019;Urban;Cx_pipiens;MontCalm;60;avril_mai;Pipiens_19_Elysette_5_2;France
39;Elysette;2019;Urban;Cx_pipiens;MontCalm;90;juin;Pipiens_19_Elysette_6;France
40;Elysette;2019;Urban;Cx_pipiens;MontCalm;60;juillet;Pipiens_19_Elysette_7_1;France
41;Elysette;2019;Urban;Cx_pipiens;MontCalm;60;juillet;Pipiens_19_Elysette_7_2;France
42;PS;2019;Rural;Cx_pipiens;MontCalm;90;avril_mai;Pipiens_19_PS_5_1;France
43;PS;2019;Rural;Cx_pipiens;MontCalm;90;avril_mai;Pipiens_19_PS_5_2;France
44;PS;2019;Rural;Cx_pipiens;MontCalm;90;avril_mai;Pipiens_19_PS_5_3;France
45;PS;2019;Rural;Cx_pipiens;MontCalm;90;juin;Pipiens_19_PS_6_1;France
46;PS;2019;Rural;Cx_pipiens;MontCalm;90;juin;Pipiens_19_PS_6_2;France
47;PS;2019;Rural;Cx_pipiens;MontCalm;90;juin;Pipiens_19_PS_6_3;France
48;PS;2019;Rural;Cx_pipiens;MontCalm;90;juillet;Pipiens_19_PS_7_1;France
49;PS;2019;Rural;Cx_pipiens;MontCalm;85;juillet;Pipiens_19_PS_7_2;France
50;PS;2019;Rural;Cx_pipiens;MontCalm;90;juillet;Pipiens_19_PS_7_3;France
51;PS;2019;Rural;Cx_pipiens;MontCalm;90;aout;Pipiens_19_PS_8_1;France
52;Beaucaire;2019;Rural;Cx_pipiens;MontCalm;90;juin;Pipiens_19_Beaucaire_6_1;France
53;Beaucaire;2019;Rural;Cx_pipiens;MontCalm;60;juin;Pipiens_19_Beaucaire_6_2;France
54;Beaucaire;2019;Rural;Cx_pipiens;MontCalm;90;juillet;Pipiens_19_Beaucaire_7_1;France
55;Beaucaire;2019;Rural;Cx_pipiens;MontCalm;90;juillet;Pipiens_19_Beaucaire_7_2;France
56;Beaucaire;2019;Rural;Cx_pipiens;MontCalm;60;juillet;Pipiens_19_Beaucaire_7_3;France
57;Beaucaire;2019;Rural;Cx_pipiens;MontCalm;60;juillet;Pipiens_19_Beaucaire_7_4;France
58;Roustan;2019;Rural;Cx_pipiens;Arles;90;avril_mai;Pipiens_19_Roustan_5;France
59;Roustan;2019;Rural;Cx_pipiens;Arles;90;juin;Pipiens_19_Roustan_6_1;France
60;Roustan;2019;Rural;Cx_pipiens;Arles;90;juin;Pipiens_19_Roustan_6_2;France
61;Roustan;2019;Rural;Cx_pipiens;Arles;60;juin;Pipiens_19_Roustan_6_3;France
62;Roustan;2019;Rural;Cx_pipiens;Arles;60;juin;Pipiens_19_Roustan_6_4;France
63;Roustan;2019;Rural;Cx_pipiens;Arles;90;juillet;Pipiens_19_Roustan_7_1;France
64;Roustan;2019;Rural;Cx_pipiens;Arles;90;juillet;Pipiens_19_Roustan_7_2;France
65;Roustan;2019;Rural;Cx_pipiens;Arles;60;juillet;Pipiens_19_Roustan_7_3;France
66;Roustan;2019;Rural;Cx_pipiens;Arles;60;juillet;Pipiens_19_Roustan_7_4;France
67;Roustan;2019;Rural;Cx_pipiens;Arles;60;sept_oct;Pipiens_19_Roustan_9_1;France
68;Roustan;2019;Rural;Cx_pipiens;Arles;60;sept_oct;Pipiens_19_Roustan_9_2;France
69;Roustan;2019;Rural;Cx_pipiens;Arles;82;sept_oct;Pipiens_19_Roustan_9_3;France
70;SG;2019;Rural;Cx_pipiens;MontCalm;90;avril_mai;Pipiens_19_SG_5;France
71;SG;2019;Rural;Cx_pipiens;MontCalm;60;juin;Pipiens_19_SG_6_1;France
72;SG;2019;Rural;Cx_pipiens;MontCalm;60;juin;Pipiens_19_SG_6_2;France
73;SG;2019;Rural;Cx_pipiens;MontCalm;60;juin;Pipiens_19_SG_6_3;France
74;SG;2019;Rural;Cx_pipiens;MontCalm;90;juillet;Pipiens_19_SG_7_1;France
75;SG;2019;Rural;Cx_pipiens;MontCalm;90;juillet;Pipiens_19_SG_7_2;France
76;SG;2019;Rural;Cx_pipiens;MontCalm;90;juillet;Pipiens_19_SG_7_3;France
77;SG;2019;Rural;Cx_pipiens;MontCalm;60;sept_oct;Pipiens_19_SG_9_1;France
78;SG;2019;Rural;Cx_pipiens;MontCalm;60;sept_oct;Pipiens_19_SG_9_2;France
79;Bellegarde;2019;Urban;Cx_pipiens;MontCalm;94;juin;Pipiens_19_Bellegarde_6_1;France
80;Bellegarde;2019;Urban;Cx_pipiens;MontCalm;52;juin;Pipiens_19_Bellegarde_6_2;France
81;Bellegarde;2019;Urban;Cx_pipiens;MontCalm;60;juillet;Pipiens_19_Bellegarde_7_1;France
82;Bellegarde;2019;Urban;Cx_pipiens;MontCalm;60;juillet;Pipiens_19_Bellegarde_7_2;France
83;Bellegarde;2019;Urban;Cx_pipiens;MontCalm;90;juillet;Pipiens_19_Bellegarde_7_3;France
84;Bellegarde;2019;Urban;Cx_pipiens;MontCalm;75;aout;Pipiens_19_Bellegarde_8;France
85;JB;2019;Urban;Cx_pipiens;MontCalm;90;juin;Pipiens_19_JB_6_1;France
86;JB;2019;Urban;Cx_pipiens;MontCalm;90;juin;Pipiens_19_JB_6_2;France
87;JB;2019;Urban;Cx_pipiens;MontCalm;60;juin;Pipiens_19_JB_6_3;France
88;JB;2019;Urban;Cx_pipiens;MontCalm;90;juillet;Pipiens_19_JB_7_1;France
89;JB;2019;Urban;Cx_pipiens;MontCalm;90;juillet;Pipiens_19_JB_7_2;France
90;JB;2019;Urban;Cx_pipiens;MontCalm;60;juillet;Pipiens_19_JB_7_3;France
91;JB;2019;Urban;Cx_pipiens;MontCalm;60;sept_oct;Pipiens_19_JB_9_1;France
92;JB;2019;Urban;Cx_pipiens;MontCalm;60;sept_oct;Pipiens_19_JB_9_2;France
93;MA;2019;Urban;Cx_pipiens;MontCalm;60;juin;Pipiens_19_MA_6_1;France
94;MA;2019;Urban;Cx_pipiens;MontCalm;60;juin;Pipiens_19_MA_6_2;France
95;MA;2019;Urban;Cx_pipiens;MontCalm;60;juillet;Pipiens_19_MA_7_1;France
96;MA;2019;Urban;Cx_pipiens;MontCalm;60;juillet;Pipiens_19_MA_7_2;France
97;BE;2019;Rural;Cx_pipiens;MontCalm;90;avril_mai;Pipiens_19_BE_5_1;France
98;BE;2019;Rural;Cx_pipiens;MontCalm;60;avril_mai;Pipiens_19_BE_5_2;France
99;BE;2019;Rural;Cx_pipiens;MontCalm;90;juin;Pipiens_19_BE_6;France
100;PS;2019;Rural;Cx_pipiens;MontCalm;60;aout;Pipiens_19_PS_8_2;France
101;PS;2019;Rural;Cx_pipiens;MontCalm;90;sept_oct;Pipiens_19_PS_9_1;France
102;PS;2019;Rural;Cx_pipiens;MontCalm;90;sept_oct;Pipiens_19_PS_9_2;France
103;PS;2019;Rural;Cx_pipiens;MontCalm;90;sept_oct;Pipiens_19_PS_9_3;France
104;Beaucaire;2019;Rural;Ae_Caspius;MontCalm;90;juillet;Caspius_19_Beaucaire_7_1;France
105;Beaucaire;2019;Rural;Ae_Caspius;MontCalm;60;juillet;Caspius_19_Beaucaire_7_2;France
106;Beaucaire;2019;Rural;Ae_Caspius;MontCalm;90;sept_oct;Caspius_Beaucaire_9;France
107;BE;2019;Rural;Ae_Caspius;MontCalm;60;juin;Caspius_19_BE_6_1;France
108;BE;2019;Rural;Ae_Caspius;MontCalm;60;juin;Caspius_19_BE_6_2;France
109;BE;2019;Rural;Ae_Caspius;MontCalm;60;juin;Caspius_19_BE_6_3;France
110;SG;2019;Rural;Ae_Caspius;MontCalm;76;juin;Caspius_19_SG_6;France
111;SG;2019;Rural;Ae_Caspius;MontCalm;78;juillet;Caspius_19_SG_7_1;France
112;SG;2019;Rural;Ae_Caspius;MontCalm;60;juillet;Caspius_19_SG_7_2;France
113;SG;2019;Rural;Ae_Caspius;MontCalm;55;juillet;Caspius_19_SG_7_3;France
114;Bellegarde;2019;Urban;Ae_Caspius;MontCalm;93;juin;Caspius_19_Bellegarde_6;France
115;Bellegarde;2019;Urban;Ae_Caspius;MontCalm;88;avril_mai;Caspius_19_Bellegarde_5;France
116;Bellegarde;2019;Urban;Ae_Caspius;MontCalm;90;juillet;Caspius_19_Bellegarde_7_1;France
117;Bellegarde;2019;Urban;Ae_Caspius;MontCalm;60;juillet;Caspius_19_Bellegarde_7_2;France
118;Bellegarde;2019;Urban;Ae_Caspius;MontCalm;60;aout;Caspius_19_Bellegarde_8_1;France
119;Bellegarde;2019;Urban;Ae_Caspius;MontCalm;60;aout;Caspius_19_Bellegarde_8_2;France
120;BF;2019;Urban;Ae_Caspius;Arles;60;juin;Caspius_19_BF_6_1;France
121;BF;2019;Urban;Ae_Caspius;Arles;55;juin;Caspius_19_BF_6_2;France
122;BF;2019;Urban;Ae_Caspius;Arles;60;juillet;Caspius_19_BF_7_1;France
123;BF;2019;Urban;Ae_Caspius;Arles;90;juillet;Caspius_19_BF_7_2;France
124;Jardins;2019;Urban;Ae_Caspius;Arles;86;juin;Caspius_19_Jardins_6_1;France
125;Jardins;2019;Urban;Ae_Caspius;Arles;86;juin;Caspius_19_Jardins_6_2;France
132;PS;2019;Rural;Ae_Caspius;MontCalm;90;avril_mai;Caspius_19_PS_5_1;France
133;PS;2019;Rural;Ae_Caspius;MontCalm;90;juin;Caspius_19_PS_6_1;France
134;PS;2019;Rural;Ae_Caspius;MontCalm;90;juin;Caspius_19_PS_6_2;France
135;PS;2019;Rural;Ae_Caspius;MontCalm;90;juin;Caspius_19_PS_6_3;France
136;PS;2019;Rural;Ae_Caspius;MontCalm;90;juillet;Caspius_19_PS_7_1;France
137;PS;2019;Rural;Ae_Caspius;MontCalm;90;juillet;Caspius_19_PS_7_2;France
138;PS;2019;Rural;Ae_Caspius;MontCalm;90;juillet;Caspius_19_PS_7_3;France
139;PS;2019;Rural;Ae_Caspius;MontCalm;90;aout;Caspius_19_PS_8_1;France
140;PS;2019;Rural;Ae_Caspius;MontCalm;90;aout;Caspius_19_PS_8_2;France
141;PS;2019;Rural;Ae_Caspius;MontCalm;90;aout;Caspius_19_PS_8_3;France
142;PS;2019;Rural;Ae_Caspius;MontCalm;90;sept_oct;Caspius_19_PS_9_1;France
143;PS;2019;Rural;Ae_Caspius;MontCalm;90;sept_oct;Caspius_19_PS_9_2;France
144;PS;2019;Rural;Ae_Caspius;MontCalm;90;sept_oct;Caspius_19_PS_9_1;France
145;PS;2019;Rural;Ae_Caspius;MontCalm;90;sept_oct;Caspius_19_PS_9_4;France
146;JB;2019;Urban;Ae_Caspius;MontCalm;90;juin;Caspius_19_JB_6_1;France
147;JB;2019;Urban;Ae_Caspius;MontCalm;90;sept_oct;Caspius_19_JB_9_1;France
148;JB;2019;Urban;Ae_Caspius;MontCalm;60;sept_oct;Caspius_19_JB_9_2;France
L1;PS;2020;Rural;Cx_pipiens;MontCalm;63;juin;Pipiens_20_PS_6;France
L10;SG;2020;Rural;Cx_pipiens;MontCalm;51;sept_oct;Pipiens_20_SG_9_1;France
L100;Beaucaire;2020;Rural;Ae_Caspius;MontCalm;70;aout;Caspius_20_Beaucaire_8;France
L101;Beaucaire;2020;Rural;Ae_Caspius;MontCalm;90;sept_oct;Caspius_20_Beaucaire_9_1;France
L102;Beaucaire;2020;Rural;Ae_Caspius;MontCalm;65;sept_oct;Caspius_20_Beaucaire_9_2;France
L103;Beaucaire;2020;Rural;Ae_Caspius;MontCalm;67;sept_oct;Caspius_20_Beaucaire_9_3;France
L104;BE;2020;Rural;Ae_Caspius;MontCalm;30;juin;Caspius_20_BE_6_1;France
L105;BE;2020;Rural;Ae_Caspius;MontCalm;57;juin;Caspius_20_BE_6_2;France
L106;BE;2020;Rural;Ae_Caspius;MontCalm;70;juillet;Caspius_20_BE_7;France
L107;BE;2020;Rural;Ae_Caspius;MontCalm;58;aout;Caspius_20_BE_8_1;France
L108;BE;2020;Rural;Ae_Caspius;MontCalm;65;aout;Caspius_20_BE_8_2;France
L109;BE;2020;Rural;Ae_Caspius;MontCalm;60;sept_oct;Caspius_20_BE_9_1;France
L11;SG;2020;Rural;Cx_pipiens;MontCalm;60;sept_oct;Pipiens_20_SG_9_2;France
L110;BE;2020;Rural;Ae_Caspius;MontCalm;60;sept_oct;Caspius_20_BE_9_2;France
L111;BE;2020;Rural;Ae_Caspius;MontCalm;60;sept_oct;Caspius_20_BE_9_3;France
L112;BE;2020;Rural;Ae_Caspius;MontCalm;81;sept_oct;Caspius_20_BE_9_4;France
L113;Bellegarde;2020;Urban;Ae_Caspius;MontCalm;90;juin;Caspius_20_Bellegarde_6_1;France
L114;Bellegarde;2020;Urban;Ae_Caspius;MontCalm;64;juin;Caspius_20_Bellegarde_6_2;France
L115;Bellegarde;2020;Urban;Ae_Caspius;MontCalm;30;juillet;Caspius_20_Bellegarde_7_1;France
L116;Bellegarde;2020;Urban;Ae_Caspius;MontCalm;42;juillet;Caspius_20_Bellegarde_7_2;France
L117;Bellegarde;2020;Urban;Ae_Caspius;MontCalm;72;aout;Caspius_20_Bellegarde_8;France
L118;Bellegarde;2020;Urban;Ae_Caspius;MontCalm;68;sept_oct;Caspius_20_Bellegarde_9_1;France
L119;Bellegarde;2020;Urban;Ae_Caspius;MontCalm;37;sept_oct;Caspius_20_Bellegarde_9_2;France
L12;Beaucaire;2020;Rural;Cx_pipiens;MontCalm;60;juin;Pipiens_20_Beaucaire_6_1;France
L120;JB;2020;Urban;Ae_Caspius;Arles;30;juin;Caspius_20_JB_6_7;France
L121;JB;2020;Urban;Ae_Caspius;Arles;38;juin;Caspius_20_JB_6;France
L122;JB;2020;Urban;Ae_Caspius;Arles;69;juillet;Caspius_20_JB_7;France
L123;JB;2020;Urban;Ae_Caspius;Arles;60;sept_oct;Caspius_20_JB_9_1;France
L124;JB;2020;Urban;Ae_Caspius;Arles;66;sept_oct;Caspius_20_JB_9_2;France
L125;Jardins;2020;Urban;Ae_Caspius;Arles;43;juillet;Caspius_20_Jardins_7;France
L126;Jardins;2020;Urban;Ae_Caspius;Arles;37;sept_oct;Caspius_20_Jardins_9;France
L127;BF;2020;Urban;Ae_Caspius;Arles;34;juin;Caspius_20_BF_6_1;France
L128;BF;2020;Urban;Ae_Caspius;Arles;90;juillet;Caspius_20_BF_7_1;France
L129;BF;2020;Urban;Ae_Caspius;Arles;90;juillet;Caspius_20_BF_7_2;France
L13;Beaucaire;2020;Rural;Cx_pipiens;MontCalm;60;juin;Pipiens_20_Beaucaire_6_2;France
L130;BF;2020;Urban;Ae_Caspius;Arles;90;juillet;Caspius_20_BF_7_3;France
L131;BF;2020;Urban;Ae_Caspius;Arles;60;juillet;Caspius_20_BF_7_4;France
L132;BF;2020;Urban;Ae_Caspius;Arles;60;aout;Caspius_20_BF_8_1;France
L133;BF;2020;Urban;Ae_Caspius;Arles;70;aout;Caspius_20_BF_8_2;France
L134;BF;2020;Urban;Ae_Caspius;Arles;60;aout;Caspius_20_BF_8_3;France
L135;BF;2020;Urban;Ae_Caspius;Arles;28;sept_oct;Caspius_20_BF_9;France
L14;Beaucaire;2020;Rural;Cx_pipiens;MontCalm;48;juillet;Pipiens_20_Beaucaire_7;France
L15;Beaucaire;2020;Rural;Cx_pipiens;MontCalm;60;aout;Pipiens_20_Beaucaire_8;France
L16;Beaucaire;2020;Rural;Cx_pipiens;MontCalm;60;sept_oct;Pipiens_20_Beaucaire_9_1;France
L17;Beaucaire;2020;Rural;Cx_pipiens;MontCalm;60;sept_oct;Pipiens_20_Beaucaire_9_2;France
L18;Beaucaire;2020;Rural;Cx_pipiens;MontCalm;60;sept_oct;Pipiens_20_Beaucaire_9_3;France
L19;Beaucaire;2020;Rural;Cx_pipiens;MontCalm;74;sept_oct;Pipiens_20_Beaucaire_9_4;France
L2;PS;2020;Rural;Cx_pipiens;MontCalm;50;juillet;Pipiens_20_PS_7_1;France
L20;BE;2020;Rural;Cx_pipiens;MontCalm;51;juin;Pipiens_20_BE_6;France
L21;BE;2020;Rural;Cx_pipiens;MontCalm;60;sept_oct;Pipiens_20_BE_9_1;France
L22;BE;2020;Rural;Cx_pipiens;MontCalm;93;sept_oct;Pipiens_20_BE_9_2;France
L23;Bellegarde;2020;Urban;Cx_pipiens;MontCalm;43;juin;Pipiens_20_Bellegarde_6_1;France
L24;Bellegarde;2020;Urban;Cx_pipiens;MontCalm;56;juin;Pipiens_20_Bellegarde_6_2;France
L25;Bellegarde;2020;Urban;Cx_pipiens;MontCalm;60;aout;Pipiens_20_Bellegarde_8_1;France
L26;Bellegarde;2020;Urban;Cx_pipiens;MontCalm;90;aout;Pipiens_20_Bellegarde_8_2;France
L27;Bellegarde;2020;Urban;Cx_pipiens;MontCalm;60;sept_oct;Pipiens_20_Bellegarde_9_1;France
L28;Bellegarde;2020;Urban;Cx_pipiens;MontCalm;60;sept_oct;Pipiens_20_Bellegarde_9_2;France
L29;Bellegarde;2020;Urban;Cx_pipiens;MontCalm;43;sept_oct;Pipiens_20_Bellegarde_9_3;France
L3;PS;2020;Rural;Cx_pipiens;MontCalm;43;juillet;Pipiens_20_PS_7_2;France
L30;JB;2020;Urban;Cx_pipiens;Arles;30;juin;Pipiens_20_JB_6_7;France
L31;JB;2020;Urban;Cx_pipiens;Arles;60;juin;Pipiens_20_JB_6_1;France
L32;JB;2020;Urban;Cx_pipiens;Arles;45;juin;Pipiens_20_JB_6_2;France
L33;JB;2020;Urban;Cx_pipiens;Arles;27;aout;Pipiens_20_JB_8;France
L34;JB;2020;Urban;Cx_pipiens;Arles;60;sept_oct;Pipiens_20_JB_9_1;France
L35;JB;2020;Urban;Cx_pipiens;Arles;30;sept_oct;Pipiens_20_JB_9_2;France
L36;Elysette;2020;Urban;Cx_pipiens;MontCalm;60;juin;Pipiens_20_Elysette_6_1;France
L37;Elysette;2020;Urban;Cx_pipiens;MontCalm;88;juin;Pipiens_20_Elysette_6_2;France
L38;Elysette;2020;Urban;Cx_pipiens;MontCalm;46;juillet;Pipiens_20_Elysette_7;France
L39;Elysette;2020;Urban;Cx_pipiens;MontCalm;60;sept_oct;Pipiens_20_Elysette_9;France
L4;PS;2020;Rural;Cx_pipiens;MontCalm;26;aout;Pipiens_20_PS_8;France
L40;MA;2020;Urban;Cx_pipiens;MontCalm;24;juillet;Pipiens_20_MA_7;France
L41;MA;2020;Urban;Cx_pipiens;MontCalm;30;sept_oct;Pipiens_20_MA_9_1;France
L42;MA;2020;Urban;Cx_pipiens;MontCalm;52;sept_oct;Pipiens_20_MA_9_2;France
L43;PN;2020;Urban;Cx_pipiens;Arles;60;juin;Pipiens_20_PN6_1;France
L44;PN;2020;Urban;Cx_pipiens;Arles;42;juin;Pipiens_20_PN6_2;France
L45;PN;2020;Urban;Cx_pipiens;Arles;60;juillet;Pipiens_20_PN7_1;France
L46;PN;2020;Urban;Cx_pipiens;Arles;42;juillet;Pipiens_20_PN7_2;France
L47;PN;2020;Urban;Cx_pipiens;Arles;25;sept_oct;Pipiens_20_PN9;France
L48;Desert;2020;Rural;Cx_pipiens;Montpellier;60;juin;Pipiens_Desert_6;France
L49;Palissade;2020;Urban;Cx_pipiens;Arles;60;juillet;Pipiens_20_Palissade_7_1;France
L5;PS;2020;Rural;Cx_pipiens;MontCalm;58;sept_oct;Pipiens_20_PS_9_1;France
L50;Palissade;2020;Urban;Cx_pipiens;Arles;43;juillet;Pipiens_20_Palissade_7_2;France
L51;Belugue;2020;Rural;Cx_pipiens;Arles;62;juin;Pipiens_20_Belugue_6_1;France
L52;Belugue;2020;Rural;Cx_pipiens;Arles;31;juin;Pipiens_20_Belugue_6_2;France
L53;Belugue;2020;Rural;Cx_pipiens;Arles;20;juillet;Pipiens_20_Belugue_7;France
L54;Belugue;2020;Rural;Cx_pipiens;Arles;26;aout;Pipiens_20_Belugue_8;France
L55;Belugue;2020;Rural;Cx_pipiens;Arles;28;sept_oct;Pipiens_20_Belugue_9;France
L56;Roustan;2020;Rural;Cx_pipiens;Arles;64;juillet;Pipiens_20_Roustan_7;France
L57;Roustan;2020;Rural;Cx_pipiens;Arles;60;sept_oct;Pipiens_20_Roustan_9;France
L58;Eysselle;2020;Rural;Cx_pipiens;MontCalm;29;juillet;Pipiens_20_Eysselle_7;France
L59;Eysselle;2020;Rural;Cx_pipiens;Montpellier;66;sept_oct;Pipiens_20_Eysselle_9;France
L6;PS;2020;Rural;Cx_pipiens;MontCalm;30;sept_oct;Pipiens_20_PS_9_2;France
L60;CE;2020;Urban;Cx_pipiens;Arles;31;juin;Pipiens_20_CE_6;France
L61;CE;2020;Urban;Cx_pipiens;Arles;60;juillet;Pipiens_20_CE_7_1;France
L62;CE;2020;Urban;Cx_pipiens;Arles;60;juillet;Pipiens_20_CE_7_2;France
L63;CE;2020;Urban;Cx_pipiens;Arles;74;juillet;Pipiens_20_CE_7_3;France
L64;CE;2020;Urban;Cx_pipiens;Arles;31;aout;Pipiens_20_CE_8;France
L65;CE;2020;Urban;Cx_pipiens;Arles;60;sept_oct;Pipiens_20_CE_9_1;France
L66;CE;2020;Urban;Cx_pipiens;Arles;54;sept_oct;Pipiens_20_CE_9_2;France
L67;Jardins;2020;Urban;Cx_pipiens;Arles;23;juin;Pipiens_20_Jardins_6;France
L68;Jardins;2020;Urban;Cx_pipiens;Arles;56;juillet;Pipiens_20_Jardins_7_1;France
L69;Jardins;2020;Urban;Cx_pipiens;Arles;59;juillet;Pipiens_20_Jardins_7_2;France
L7;SG;2020;Rural;Cx_pipiens;MontCalm;62;juin;Pipiens_20_SG_6;France
L70;Jardins;2020;Urban;Cx_pipiens;Arles;90;aout;Pipiens_20_Jardins_8_1;France
L71;Jardins;2020;Urban;Cx_pipiens;Arles;60;aout;Pipiens_20_Jardins_8_2;France
L72;Jardins;2020;Urban;Cx_pipiens;Arles;90;aout;Pipiens_20_Jardins_8_3;France
L73;Jardins;2020;Urban;Cx_pipiens;Arles;60;aout;Pipiens_20_Jardins_8_4;France
L74;Jardins;2020;Urban;Cx_pipiens;Arles;30;sept_oct;Pipiens_20_Jardins_9_1;France
L75;Jardins;2020;Urban;Cx_pipiens;Arles;55;sept_oct;Pipiens_20_Jardins_9_2;France
L76;BF;2020;Urban;Cx_pipiens;Arles;60;juin;Pipiens_20_BF_6_1;France
L77;BF;2020;Urban;Cx_pipiens;Arles;61;juin;Pipiens_20_BF_6_2;France
L78;BF;2020;Urban;Cx_pipiens;Arles;30;juillet;Pipiens_20_BF_7;France
L79;BF;2020;Urban;Cx_pipiens;Arles;63;aout;Pipiens_20_BF_8;France
L8;SG;2020;Rural;Cx_pipiens;MontCalm;58;juillet;Pipiens_20_SG_7;France
L80;PS;2020;Rural;Ae_Caspius;MontCalm;60;juin;Caspius_20_PS_6_1;France
L81;PS;2020;Rural;Ae_Caspius;MontCalm;60;juin;Caspius_20_PS_6_2;France
L82;PS;2020;Rural;Ae_Caspius;MontCalm;60;juin;Caspius_20_PS_6_3;France
L83;PS;2020;Rural;Ae_Caspius;MontCalm;83;juin;Caspius_20_PS_6_4;France
L84;PS;2020;Rural;Ae_Caspius;MontCalm;87;juillet;Caspius_20_PS_7_1;France
L85;PS;2020;Rural;Ae_Caspius;MontCalm;52;juillet ;Caspius_20_PS_7_2;France
L86;PS;2020;Rural;Ae_Caspius;MontCalm;60;aout;Caspius_20_PS_8_1;France
L87;PS;2020;Rural;Ae_Caspius;MontCalm;90;aout;Caspius_20_PS_8_2;France
L88;PS;2020;Rural;Ae_Caspius;MontCalm;60;sept_oct;Caspius_20_PS_9_1;France
L89;PS;2020;Rural;Ae_Caspius;MontCalm;90;sept_oct;Caspius_20_PS_9_2;France
L9;SG;2020;Rural;Cx_pipiens;MontCalm;49;aout;Pipiens_20_SG_8;France
L90;SG;2020;Rural;Ae_Caspius;MontCalm;60;juin;Caspius_20_SG_6_1;France
L91;SG;2020;Rural;Ae_Caspius;MontCalm;60;juin;Caspius_20_SG_6_2;France
L92;SG;2020;Rural;Ae_Caspius;MontCalm;60;juin;Caspius_20_SG_6_3;France
L93;SG;2020;Rural;Ae_Caspius;MontCalm;53;aout;Caspius_20_SG_8;France
L94;SG;2020;Rural;Ae_Caspius;MontCalm;55;sept_oct;Caspius_20_SG_9_1;France
L95;SG;2020;Rural;Ae_Caspius;MontCalm;60;sept_oct;Caspius_20_SG_9_2;France
L96;SG;2020;Rural;Ae_Caspius;MontCalm;50;sept_oct;Caspius_20_SG_9_3;France
L97;Beaucaire;2020;Rural;Ae_Caspius;MontCalm;60;juin ;Caspius_20_Beaucaire_6_1;France
L98;Beaucaire;2020;Rural;Ae_Caspius;MontCalm;53;juin ;Caspius_20_Beaucaire_6_2;France
L99;Beaucaire;2020;Rural;Ae_Caspius;MontCalm;28;juillet;Caspius_20_Beaucaire_7;France
1;PS;2021;Rural;Cx_pipiens;MontCalm;90;avril_mai;Pipiens_21_PS_5_1;France
2;PS;2021;Rural;Cx_pipiens;MontCalm;90;avril_mai;Pipiens_21_PS_5_2;France
3;PS;2021;Rural;Cx_pipiens;MontCalm;90;avril_mai;Pipiens_21_PS_5_3;France
4;PS;2021;Rural;Cx_pipiens;MontCalm;90;juin;Pipiens_21_PS_6_1;France
5;PS;2021;Rural;Cx_pipiens;MontCalm;90;juin;Pipiens_21_PS_6_2;France
6;PS;2021;Rural;Cx_pipiens;MontCalm;90;juin;Pipiens_21_PS_6_3;France
7;PS;2021;Rural;Cx_pipiens;MontCalm;60;juillet;Pipiens_21_PS_7_1;France
8;PS;2021;Rural;Cx_pipiens;MontCalm;66;juillet;Pipiens_21_PS_7_2;France
9;PS;2021;Rural;Cx_pipiens;MontCalm;90;aout;Pipiens_21_PS_8_1;France
10;PS;2021;Rural;Cx_pipiens;MontCalm;90;aout;Pipiens_21_PS_8_2;France
11;PS;2021;Rural;Cx_pipiens;MontCalm;60;aout;Pipiens_21_PS_8_3;France
12;PS;2021;Rural;Cx_pipiens;MontCalm;90;sept_oct;Pipiens_21_PS_9_1;France
13;PS;2021;Rural;Cx_pipiens;MontCalm;90;sept_oct;Pipiens_21_PS_9_2;France
14;PS;2021;Rural;Cx_pipiens;MontCalm;90;sept_oct;Pipiens_21_PS_9_3;France
15;Beaucaire;2021;Rural;Cx_pipiens;MontCalm;90;juin;Pipiens_21_BEAU _6_1;France
16;Beaucaire;2021;Rural;Cx_pipiens;MontCalm;60;juin;Pipiens_21_BEAU _6_2;France
17;Beaucaire;2021;Rural;Cx_pipiens;MontCalm;60;juin;Pipiens_21_BEAU _6_3;France
18;Beaucaire;2021;Rural;Cx_pipiens;MontCalm;67;juillet;Pipiens_21_BEAU _7_;France
19;Beaucaire;2021;Rural;Cx_pipiens;MontCalm;60;aout;Pipiens_21_BEAU _8_1;France
20;Beaucaire;2021;Rural;Cx_pipiens;MontCalm;47;aout;Pipiens_21_BEAU _8_2;France
21;Beaucaire;2021;Rural;Cx_pipiens;MontCalm;60;sept_oct;Pipiens_21_BEAU _9_1;France
22;SG;2021;Rural;Cx_pipiens;MontCalm;57;juin;Pipiens_21_SG_6_1;France
23;SG;2021;Rural;Cx_pipiens;MontCalm;53;juin;Pipiens_21_SG_6_2;France
24;SG;2021;Rural;Cx_pipiens;MontCalm;92;juin;Pipiens_21_SG_6_3;France
25;SG;2021;Rural;Cx_pipiens;MontCalm;90;juillet;Pipiens_21_SG_7_1;France
26;SG;2021;Rural;Cx_pipiens;MontCalm;90;juillet;Pipiens_21_SG_7_2;France
27;SG;2021;Rural;Cx_pipiens;MontCalm;78;juillet;Pipiens_21_SG_7_3;France
28;SG;2021;Rural;Cx_pipiens;MontCalm;60;aout;Pipiens_21_SG_8_1;France
29;SG;2021;Rural;Cx_pipiens;MontCalm;45;aout;Pipiens_21_SG_8_2;France
30;SG;2021;Rural;Cx_pipiens;MontCalm;60;aout;Pipiens_21_SG_8_3;France
31;Bellegarde;2021;Urban;Cx_pipiens;MontCalm;90;juin;Pipiens_21_Bellegarde_6_1;France
32;Bellegarde;2021;Urban;Cx_pipiens;MontCalm;90;juin;Pipiens_21_Bellegarde_6_2;France
33;Bellegarde;2021;Urban;Cx_pipiens;MontCalm;90;juin;Pipiens_21_Bellegarde_6_3;France
34;Bellegarde;2021;Urban;Cx_pipiens;MontCalm;60;juillet;Pipiens_21_Bellegarde_7_1;France
35;Bellegarde;2021;Urban;Cx_pipiens;MontCalm;52;juillet;Pipiens_21_Bellegarde_7_2;France
36;Bellegarde;2021;Urban;Cx_pipiens;MontCalm;64;aout;Pipiens_21_Bellegarde_8;France
37;JB;2021;Urban;Cx_pipiens;MontCalm;67;avril_mai;Pipiens_21_JB_5;France
38;JB;2021;Urban;Cx_pipiens;MontCalm;90;juin;Pipiens_21_JB_6_1;France
39;JB;2021;Urban;Cx_pipiens;MontCalm;67;juin;Pipiens_21_JB_6_2;France
40;JB;2021;Urban;Cx_pipiens;MontCalm;90;aout;Pipiens_21_JB_8_1;France
41;JB;2021;Urban;Cx_pipiens;MontCalm;90;aout;Pipiens_21_JB_8_2;France
42;JB;2021;Urban;Cx_pipiens;MontCalm;90;aout;Pipiens_21_JB_8_3;France
43;JB;2021;Urban;Cx_pipiens;MontCalm;60;sept_oct;Pipiens_21_JB_9_1;France
44;JB;2021;Urban;Cx_pipiens;MontCalm;60;sept_oct;Pipiens_21_JB_9_2;France
45;Elysette;2021;Urban;Cx_pipiens;MontCalm;60;avril_mai;Pipiens_21_Elysette_5_1;France
46;Elysette;2021;Urban;Cx_pipiens;MontCalm;62;avril_mai;Pipiens_21_Elysette_5_2;France
47;Elysette;2021;Urban;Cx_pipiens;MontCalm;90;juin;Pipiens_21_Elysette_6_1;France
48;Elysette;2021;Urban;Cx_pipiens;MontCalm;90;juin;Pipiens_21_Elysette_6_2;France
49;Elysette;2021;Urban;Cx_pipiens;MontCalm;90;juin;Pipiens_21_Elysette_6_3;France
50;Elysette;2021;Urban;Cx_pipiens;MontCalm;86;juillet;Pipiens_21_Elysette_7_1;France
51;Elysette;2021;Urban;Cx_pipiens;MontCalm;90;aout;Pipiens_21_Elysette_8_1;France
52;Elysette;2021;Urban;Cx_pipiens;MontCalm;66;aout;Pipiens_21_Elysette_8_2;France
53;Elysette;2021;Urban;Cx_pipiens;MontCalm;60;sept_oct;Pipiens_21_Elysette_9_1;France
54;Elysette;2021;Urban;Cx_pipiens;MontCalm;92;sept_oct;Pipiens_21_Elysette_9_2;France
55;MA;2021;Urban;Cx_pipiens;MontCalm;52;avril_mai;Pipiens_21_MA_5;France
56;MA;2021;Urban;Cx_pipiens;MontCalm;93;juin;Pipiens_21_MA_6;France
57;MA;2021;Urban;Cx_pipiens;MontCalm;60;juillet;Pipiens_21_MA_7_1;France
58;MA;2021;Urban;Cx_pipiens;MontCalm;58;juillet;Pipiens_21_MA_7_2;France
59;MA;2021;Urban;Cx_pipiens;MontCalm;88;aout;Pipiens_21_MA_8;France
60;MA;2021;Urban;Cx_pipiens;MontCalm;38;sept_oct;Pipiens_21_MA_9;France
61;BE;2021;Rural;Cx_pipiens;MontCalm;72;avril_mai;Pipiens_21_BE_5;France
62;BE;2021;Rural;Cx_pipiens;MontCalm;67;juin;Pipiens_21_BE_6_1;France
63;BE;2021;Rural;Cx_pipiens;MontCalm;68;juin;Pipiens_21_BE_6_2;France
64;BE;2021;Rural;Cx_pipiens;MontCalm;66;juillet;Pipiens_21_BE_7_1;France
65;BE;2021;Rural;Cx_pipiens;MontCalm;63;juillet;Pipiens_21_BE_7_2;France
66;BE;2021;Rural;Cx_pipiens;MontCalm;85;aout;Pipiens_21_BE_8_1;France
67;BE;2021;Rural;Cx_pipiens;MontCalm;90;aout;Pipiens_21_BE_8_2;France
68;BE;2021;Rural;Cx_pipiens;MontCalm;57;aout;Pipiens_21_BE_8_3;France
69;PN;2021;Urban;Cx_pipiens;Arles;45;juin;Pipiens_21_PN_6;France
70;PN;2021;Urban;Cx_pipiens;Arles;52;juillet;Pipiens_21_PN_7;France
71;PN;2021;Urban;Cx_pipiens;Arles;35;aout;Pipiens_21_PN_8;France
72;PN;2021;Urban;Cx_pipiens;Arles;73;sept_oct;Pipiens_21_PN_9;France
73;Jardins;2021;Urban;Cx_pipiens;Arles;60;avril_mai;Pipiens_21_Jardins_5_1;France
74;Jardins;2021;Urban;Cx_pipiens;Arles;56;avril_mai;Pipiens_21_Jardins_5_2;France
75;Jardins;2021;Urban;Cx_pipiens;Arles;90;juin;Pipiens_21_Jardins_6_1;France
76;Jardins;2021;Urban;Cx_pipiens;Arles;90;juin;Pipiens_21_Jardins_6_2;France
77;Jardins;2021;Urban;Cx_pipiens;Arles;90;juin;Pipiens_21_Jardins_6_3;France
78;Jardins;2021;Urban;Cx_pipiens;Arles;90;juillet;Pipiens_21_Jardins_7_1;France
79;Jardins;2021;Urban;Cx_pipiens;Arles;90;juillet;Pipiens_21_Jardins_7_2;France
80;Jardins;2021;Urban;Cx_pipiens;Arles;90;juillet;Pipiens_21_Jardins_7_3;France
81;Jardins;2021;Urban;Cx_pipiens;Arles;90;aout;Pipiens_21_Jardins_8_1;France
82;Jardins;2021;Urban;Cx_pipiens;Arles;90;aout;Pipiens_21_Jardins_8_2;France
83;Jardins;2021;Urban;Cx_pipiens;Arles;90;aout;Pipiens_21_Jardins_8_3;France
84;Jardins;2021;Urban;Cx_pipiens;Arles;60;sept_oct;Pipiens_21_Jardins_9_1;France
85;Jardins;2021;Urban;Cx_pipiens;Arles;65;sept_oct;Pipiens_21_Jardins_9_2;France
86;BF;2021;Urban;Cx_pipiens;Arles;93;juin;Pipiens_21_BF_6;France
87;BF;2021;Urban;Cx_pipiens;Arles;48;juillet;Pipiens_21_BF_7;France
88;Belugue;2021;Rural;Cx_pipiens;Arles;60;avril_mai;Pipiens_21_Belugue_5_1;France
89;Belugue;2021;Rural;Cx_pipiens;Arles;60;avril_mai;Pipiens_21_Belugue_5_2;France
90;Belugue;2021;Rural;Cx_pipiens;Arles;67;avril_mai;Pipiens_21_Belugue_5_3;France
91;Belugue;2021;Rural;Cx_pipiens;Arles;60;juin;Pipiens_21_Belugue_6_1;France
92;Belugue;2021;Rural;Cx_pipiens;Arles;79;juin;Pipiens_21_Belugue_6_2;France
93;Belugue;2021;Rural;Cx_pipiens;Arles;50;juillet;Pipiens_21_Belugue_7;France
94;CampE;2021;Rural;Cx_pipiens;Montpellier;90;avril_mai;Pipiens_21_CampE_5_1;France
95;CampE;2021;Rural;Cx_pipiens;Montpellier;90;avril_mai;Pipiens_21_CampE_5_2;France
96;CampE;2021;Rural;Cx_pipiens;Montpellier;90;avril_mai;Pipiens_21_CampE_5_3;France
97;CampE;2021;Rural;Cx_pipiens;Montpellier;90;juin;Pipiens_21_CampE_6_1;France
98;CampE;2021;Rural;Cx_pipiens;Montpellier;90;juin;Pipiens_21_CampE_6_2;France
99;CampE;2021;Rural;Cx_pipiens;Montpellier;90;juin;Pipiens_21_CampE_6_3;France
100;CampE;2021;Rural;Cx_pipiens;Montpellier;86;juillet;Pipiens_21_CampE_7_1;France
101;CampE;2021;Rural;Cx_pipiens;Montpellier;60;juillet;Pipiens_21_CampE_7_2;France
102;CampE;2021;Rural;Cx_pipiens;Montpellier;60;juillet;Pipiens_21_CampE_7_3;France
103;CampE;2021;Rural;Cx_pipiens;Montpellier;60;aout;Pipiens_21_CampE_8_1;France
104;CampE;2021;Rural;Cx_pipiens;Montpellier;84;aout;Pipiens_21_CampE_8_2;France
105;CampE;2021;Rural;Cx_pipiens;Montpellier;70;sept_oct;Pipiens_21_CampE_9_3;France
106;Desert;2021;Rural;Cx_pipiens;Montpellier;90;juin;Pipiens_21_Desert_6_1;France
107;Desert;2021;Rural;Cx_pipiens;Montpellier;90;juin;Pipiens_21_Desert_6_2;France
108;Desert;2021;Rural;Cx_pipiens;Montpellier;90;juin;Pipiens_21_Desert_6_3;France
109;Desert;2021;Rural;Cx_pipiens;Montpellier;90;juillet;Pipiens_21_Desert_7_1;France
110;Desert;2021;Rural;Cx_pipiens;Montpellier;60;juillet;Pipiens_21_Desert_7_2;France
111;Desert;2021;Rural;Cx_pipiens;Montpellier;84;juillet;Pipiens_21_Desert_7_3;France
112;Desert;2021;Rural;Cx_pipiens;Montpellier;90;aout;Pipiens_21_Desert_8_1;France
113;Desert;2021;Rural;Cx_pipiens;Montpellier;60;aout;Pipiens_21_Desert_8_2;France
114;Desert;2021;Rural;Cx_pipiens;Montpellier;90;sept_oct;Pipiens_21_Desert_9_1;France
115;Desert;2021;Rural;Cx_pipiens;Montpellier;60;sept_oct;Pipiens_21_Desert_9_2;France
116;Desert;2021;Rural;Cx_pipiens;Montpellier;86;sept_oct;Pipiens_21_Desert_9_3;France
117;CE;2021;Urban;Cx_pipiens;Arles;77;juin;Pipiens_21_CE_6;France
118;CE;2021;Urban;Cx_pipiens;Arles;58;juillet;Pipiens_21_CE_7;France
119;CE;2021;Urban;Cx_pipiens;Arles;59;aout;Pipiens_21_CE_8;France
120;CE;2021;Urban;Cx_pipiens;Arles;90;sept_oct;Pipiens_21_CE_9_1;France
121;CE;2021;Urban;Cx_pipiens;Arles;60;sept_oct;Pipiens_21_CE_9_2;France
122;CE;2021;Urban;Cx_pipiens;Arles;65;sept_oct;Pipiens_21_CE_9_3;France
123;Roustan;2021;Rural;Cx_pipiens;Arles;90;juin;Pipiens_21_Roustan _6_1;France
124;Roustan;2021;Rural;Cx_pipiens;Arles;90;juin;Pipiens_21_Roustan _6_2;France
125;Roustan;2021;Rural;Cx_pipiens;Arles;90;juin;Pipiens_21_Roustan _6_3;France
126;Roustan;2021;Rural;Cx_pipiens;Arles;81;sept_oct;Pipiens_21_Roustan _9;France
127;Palissade;2021;Urban;Cx_pipiens;Arles;49;juillet;Pipiens_21_Palissade_7;France
128;Eysselle;2021;Rural;Cx_pipiens;Arles;96;juin;Pipiens_21_Eysselle_6_1;France
129;Eysselle;2021;Rural;Cx_pipiens;Arles;64;juin;Pipiens_21_Eysselle_6_2;France
130;Eysselle;2021;Rural;Cx_pipiens;Arles;65;juin;Pipiens_21_Eysselle_6_3;France
131;Eysselle;2021;Rural;Cx_pipiens;Arles;39;juillet;Pipiens_21_Eysselle_7;France
132;Eysselle;2021;Rural;Cx_pipiens;Arles;90;aout;Pipiens_21_Eysselle_8_1;France
133;Eysselle;2021;Rural;Cx_pipiens;Arles;90;aout;Pipiens_21_Eysselle_8_2;France
134;Eysselle;2021;Rural;Cx_pipiens;Arles;90;aout;Pipiens_21_Eysselle_8_3;France
135;Eysselle;2021;Rural;Cx_pipiens;Arles;64;sept_oct;Pipiens_21_Eysselle_9_1;France
136;PS;2021;Rural;Cx_pipiens;MontCalm;90;avril_mai;Pipiens_21_Eysselle_9_2;France
137;PS;2021;Rural;Ae_Caspius;MontCalm;90;avril_mai;Caspius_PS_5_1;France
138;PS;2021;Rural;Ae_Caspius;MontCalm;90;avril_mai;Caspius_PS_5_2;France
139;PS;2021;Rural;Ae_Caspius;MontCalm;120;avril_mai;Caspius_PS_5_3;France
140;PS;2021;Rural;Ae_Caspius;MontCalm;90;juin;Caspius_PS6_1;France
141;PS;2021;Rural;Ae_Caspius;MontCalm;90;juin;Caspius_PS6_2;France
142;PS;2021;Rural;Ae_Caspius;MontCalm;90;juin;Caspius_PS6_3;France
143;PS;2021;Rural;Ae_Caspius;MontCalm;90;juillet;Caspius_PS7_1;France
144;PS;2021;Rural;Ae_Caspius;MontCalm;90;juillet;Caspius_PS7_2;France
145;PS;2021;Rural;Ae_Caspius;MontCalm;90;juillet;Caspius_PS7_3;France
146;PS;2021;Rural;Ae_Caspius;MontCalm;90;aout;Caspius_PS8_1;France
147;PS;2021;Rural;Ae_Caspius;MontCalm;90;aout;Caspius_PS8_2;France
148;PS;2021;Rural;Ae_Caspius;MontCalm;90;aout;Caspius_PS8_3;France
149;PS;2021;Rural;Ae_Caspius;MontCalm;90;sept_oct;Caspius_PS9_1;France
150;PS;2021;Rural;Ae_Caspius;MontCalm;90;sept_oct;Caspius_PS9_2;France
151;PS;2021;Rural;Ae_Caspius;MontCalm;90;sept_oct;Caspius_PS9_3;France
152;Beaucaire;2021;Rural;Ae_Caspius;MontCalm;90;juin;Caspius_Beaucaire_6_1;France
153;Beaucaire;2021;Rural;Ae_Caspius;MontCalm;90;juin;Caspius_Beaucaire_6_2;France
154;Beaucaire;2021;Rural;Ae_Caspius;MontCalm;78;juin;Caspius_Beaucaire_6_3;France
155;Beaucaire;2021;Rural;Ae_Caspius;MontCalm;60;juillet;Caspius_Beaucaire_7;France
156;Beaucaire;2021;Rural;Ae_Caspius;MontCalm;34;aout;Caspius_Beaucaire_8;France
157;SG;2021;Rural;Ae_Caspius;MontCalm;71;avril_mai;Caspius_SG_5;France
158;SG;2021;Rural;Ae_Caspius;MontCalm;90;juin;Caspius_SG_6_1;France
159;SG;2021;Rural;Ae_Caspius;MontCalm;90;juin;Caspius_SG_6_2;France
160;SG;2021;Rural;Ae_Caspius;MontCalm;90;juin;Caspius_SG_6_3;France
161;SG;2021;Rural;Ae_Caspius;MontCalm;90;juillet;Caspius_SG_7_1;France
162;SG;2021;Rural;Ae_Caspius;MontCalm;90;juillet;Caspius_SG_7_2;France
163;SG;2021;Rural;Ae_Caspius;MontCalm;120;juillet;Caspius_SG_7_3;France
164;SG;2021;Rural;Ae_Caspius;MontCalm;90;aout;Caspius_SG_8_1;France
165;SG;2021;Rural;Ae_Caspius;MontCalm;90;aout;Caspius_SG_8_2;France
166;SG;2021;Rural;Ae_Caspius;MontCalm;57;aout;Caspius_SG_8_3;France
167;SG;2021;Rural;Ae_Caspius;MontCalm;46;sept_oct;Caspius_SG_9;France
168;Bellegarde;2021;Urban;Ae_Caspius;MontCalm;85;avril_mai;Caspius_Bellegarde_5;France
169;Bellegarde;2021;Urban;Ae_Caspius;MontCalm;90;juin;Caspius_Bellegarde_6_1;France
170;Bellegarde;2021;Urban;Ae_Caspius;MontCalm;90;juin;Caspius_Bellegarde_6_2;France
171;Bellegarde;2021;Urban;Ae_Caspius;MontCalm;90;juin;Caspius_Bellegarde_6_3;France
172;Bellegarde;2021;Urban;Ae_Caspius;MontCalm;51;aout;Caspius_Bellegarde_8;France
173;JB;2021;Urban;Ae_Caspius;MontCalm;85;avril_mai;Caspius_JB_5;France
174;JB;2021;Urban;Ae_Caspius;MontCalm;90;juin;Caspius_JB_6_1;France
175;JB;2021;Urban;Ae_Caspius;MontCalm;90;juin;Caspius_JB_6_2;France
176;JB;2021;Urban;Ae_Caspius;MontCalm;90;juin;Caspius_JB_6_3;France
177;JB;2021;Urban;Ae_Caspius;MontCalm;90;aout;Caspius_JB_8_1;France
178;JB;2021;Urban;Ae_Caspius;MontCalm;90;aout;Caspius_JB_8_2;France
179;JB;2021;Urban;Ae_Caspius;MontCalm;90;aout;Caspius_JB_8_3;France
180;JB;2021;Urban;Ae_Caspius;MontCalm;90;sept_oct;Caspius_JB_9_1;France
181;JB;2021;Urban;Ae_Caspius;MontCalm;90;sept_oct;Caspius_JB_9_2;France
182;JB;2021;Urban;Ae_Caspius;MontCalm;90;sept_oct;Caspius_JB_9_3;France
183;BE;2021;Rural;Ae_Caspius;MontCalm;90;avril_mai;Caspius_BE_5_1;France
184;BE;2021;Rural;Ae_Caspius;MontCalm;61;avril_mai;Caspius_BE_5_2;France
185;BE;2021;Rural;Ae_Caspius;MontCalm;62;avril_mai;Caspius_BE_5_3;France
186;BE;2021;Rural;Ae_Caspius;MontCalm;60;juin;Caspius_BE_6_1;France
187;BE;2021;Rural;Ae_Caspius;MontCalm;87;juin;Caspius_BE_6_2;France
188;BE;2021;Rural;Ae_Caspius;MontCalm;53;juillet;Caspius_BE_7;France
189;BE;2021;Rural;Ae_Caspius;MontCalm;90;aout;Caspius_BE_8_1;France
190;BE;2021;Rural;Ae_Caspius;MontCalm;90;aout;Caspius_BE_8_2;France
191;BE;2021;Rural;Ae_Caspius;MontCalm;90;aout;Caspius_BE_8_3;France
192;BE;2021;Rural;Ae_Caspius;MontCalm;90;sept_oct;Caspius_BE_9_1;France
193;BE;2021;Rural;Ae_Caspius;MontCalm;90;sept_oct;Caspius_BE_9_2;France
194;BE;2021;Rural;Ae_Caspius;MontCalm;90;sept_oct;Caspius_BE_9_3;France
195;Jardins;2021;Urban;Ae_Caspius;Arles;60;avril_mai;Caspius_Jardins_5_1;France
196;Jardins;2021;Urban;Ae_Caspius;Arles;60;avril_mai;Caspius_Jardins_5_2;France
197;Jardins;2021;Urban;Ae_Caspius;Arles;60;avril_mai;Caspius_Jardins_5_3;France
198;BF;2021;Urban;Ae_Caspius;Arles;50;avril_mai;Caspius_BF_5;France
199;BF;2021;Urban;Ae_Caspius;Arles;60;juin;Caspius_BF_6_1;France
200;BF;2021;Urban;Ae_Caspius;Arles;63;juin;Caspius_BF_6_2;France
201;BF;2021;Urban;Ae_Caspius;Arles;67;juin;Caspius_BF_6_3;France
202;BF;2021;Urban;Ae_Caspius;Arles;90;juillet;Caspius_BF_7_1;France
203;BF;2021;Urban;Ae_Caspius;Arles;90;juillet;Caspius_BF_7_2;France
204;BF;2021;Urban;Ae_Caspius;Arles;90;juillet;Caspius_BF_7_3;France
205;BF;2021;Urban;Ae_Caspius;Arles;70;sept_oct;Caspius_BF_9_1;France
206;BF;2021;Urban;Ae_Caspius;Arles;34;sept_oct;Caspius_BF_9_2;France
